{
    "utc": 1688827748,
    "ip": "98.97.19.239",
    "download": 17897527.560420774,
    "upload": 9300811.476445962,
    "ping": 48.418
}